<assembly xmlns="http://maven.apache.org/plugins/maven-assembly-plugin/assembly/1.1.3"
  xmlns:xsi="http://www.w3.org/2001/XMLSchema-instance"
  xsi:schemaLocation="http://maven.apache.org/plugins/maven-assembly-plugin/assembly/1.1.0 http://maven.apache.org/xsd/assembly-1.1.3.xsd">
  <id>bin</id>
  <formats>
    <format>zip</format>
  </formats>
  <includeBaseDirectory>false</includeBaseDirectory>
  <fileSets>
    <fileSet>
      <directory>src/main/webapp</directory>
       <filtered>false</filtered>
       <outputDirectory>/</outputDirectory>
       <excludes>
           <exclude>**/WEB-INF/**</exclude>
           <exclude>/common/**</exclude>
           <exclude>**/error.jsp</exclude>
           <exclude>**/front_error.jsp</exclude>
           <exclude>**/m_error.jsp</exclude>
       </excludes>
    </fileSet>
  </fileSets>
</assembly>